Datetime,Water Level (m)
2026-04-27 00:00:00,-0.093174525
2026-04-27 01:00:00,0.50436074
2026-04-27 02:00:00,0.9551147
2026-04-27 03:00:00,1.2341695
2026-04-27 04:00:00,1.2181933
2026-04-27 05:00:00,0.852616
2026-04-27 06:00:00,0.28453714
2026-04-27 07:00:00,-0.23230682
2026-04-27 08:00:00,-0.6062232
2026-04-27 09:00:00,-0.8522294
2026-04-27 10:00:00,-0.90571904
2026-04-27 11:00:00,-0.5683842
2026-04-27 12:00:00,0.073760524
2026-04-27 13:00:00,0.65818053
2026-04-27 14:00:00,1.0965391
2026-04-27 15:00:00,1.3341283
2026-04-27 16:00:00,1.2159945
2026-04-27 17:00:00,0.8112512
2026-04-27 18:00:00,0.2906407
2026-04-27 19:00:00,-0.2171676
2026-04-27 20:00:00,-0.62645715
2026-04-27 21:00:00,-0.93417215
2026-04-27 22:00:00,-1.1080968
2026-04-27 23:00:00,-1.06934
2026-04-28 00:00:00,-0.59599423
2026-04-28 01:00:00,0.14894842
2026-04-28 02:00:00,0.765024
2026-04-28 03:00:00,1.2386643
2026-04-28 04:00:00,1.330058
2026-04-28 05:00:00,1.1847118
2026-04-28 06:00:00,0.806895
2026-04-28 07:00:00,0.2269202
2026-04-28 08:00:00,-0.27080822
2026-04-28 09:00:00,-0.6228043
2026-04-28 10:00:00,-0.8787918
2026-04-28 11:00:00,-0.9550106
2026-04-28 12:00:00,-0.63990736
2026-04-28 13:00:00,0.0875529
2026-04-28 14:00:00,0.78106564
2026-04-28 15:00:00,1.2360917
2026-04-28 16:00:00,1.3492644
2026-04-28 17:00:00,1.0973613
2026-04-28 18:00:00,0.6194295
2026-04-28 19:00:00,0.02037809
2026-04-28 20:00:00,-0.47910845
2026-04-28 21:00:00,-0.8478453
2026-04-28 22:00:00,-1.1375026
2026-04-28 23:00:00,-1.2453823
2026-04-29 00:00:00,-0.9856241
2026-04-29 01:00:00,-0.26709235
2026-04-29 02:00:00,0.4330831
2026-04-29 03:00:00,0.9878961
2026-04-29 04:00:00,1.3470583
2026-04-29 05:00:00,1.3379091
2026-04-29 06:00:00,1.069805
2026-04-29 07:00:00,0.55671465
2026-04-29 08:00:00,-0.037773237
2026-04-29 09:00:00,-0.50307447
2026-04-29 10:00:00,-0.84797376
2026-04-29 11:00:00,-1.0935773
2026-04-29 12:00:00,-1.0765208
2026-04-29 13:00:00,-0.52471524
2026-04-29 14:00:00,0.25917912
2026-04-29 15:00:00,0.89166784
2026-04-29 16:00:00,1.3173736
2026-04-29 17:00:00,1.3844466
2026-04-29 18:00:00,1.1050845
2026-04-29 19:00:00,0.52744
2026-04-29 20:00:00,-0.09850833
2026-04-29 21:00:00,-0.5963897
2026-04-29 22:00:00,-0.98681486
2026-04-29 23:00:00,-1.26848
2026-04-30 00:00:00,-1.3307973
2026-04-30 01:00:00,-0.8750762
2026-04-30 02:00:00,-0.025868705
2026-04-30 03:00:00,0.71970946
2026-04-30 04:00:00,1.3064898
2026-04-30 05:00:00,1.511681
2026-04-30 06:00:00,1.4280577
2026-04-30 07:00:00,1.0329671
2026-04-30 08:00:00,0.42195982
2026-04-30 09:00:00,-0.1570609
2026-04-30 10:00:00,-0.59001696
2026-04-30 11:00:00,-0.923765
2026-04-30 12:00:00,-1.1130236
2026-04-30 13:00:00,-0.92640567
2026-04-30 14:00:00,-0.18919753
2026-04-30 15:00:00,0.55059606
2026-04-30 16:00:00,1.1176629
2026-04-30 17:00:00,1.4395066
2026-04-30 18:00:00,1.3045679
2026-04-30 19:00:00,0.802257
2026-04-30 20:00:00,0.11392363
2026-04-30 21:00:00,-0.45304725
2026-04-30 22:00:00,-0.86793107
2026-04-30 23:00:00,-1.2100033
2026-05-01 00:00:00,-1.4089905
2026-05-01 01:00:00,-1.2572603
2026-05-01 02:00:00,-0.48183987
2026-05-01 03:00:00,0.35743535
2026-05-01 04:00:00,1.040532
2026-05-01 05:00:00,1.482632
2026-05-01 06:00:00,1.5484148
2026-05-01 07:00:00,1.3378074
2026-05-01 08:00:00,0.7928487
2026-05-01 09:00:00,0.1382731
2026-05-01 10:00:00,-0.39483535
2026-05-01 11:00:00,-0.807677
2026-05-01 12:00:00,-1.1297241
2026-05-01 13:00:00,-1.2175481
2026-05-01 14:00:00,-0.7626609
2026-05-01 15:00:00,0.0894177
2026-05-01 16:00:00,0.79551727
2026-05-01 17:00:00,1.2708169
2026-05-01 18:00:00,1.3866438
2026-05-01 19:00:00,1.1338902
2026-05-01 20:00:00,0.5334289
2026-05-01 21:00:00,-0.11494504
2026-05-01 22:00:00,-0.62201977
2026-05-01 23:00:00,-1.0217924
2026-05-02 00:00:00,-1.3161796
2026-05-02 01:00:00,-1.3950098
2026-05-02 02:00:00,-0.9064293
2026-05-02 03:00:00,-0.055500854
2026-05-02 04:00:00,0.6907428
2026-05-02 05:00:00,1.287023
2026-05-02 06:00:00,1.5522752
2026-05-02 07:00:00,1.5268095
2026-05-02 08:00:00,1.1003833
2026-05-02 09:00:00,0.44441527
2026-05-02 10:00:00,-0.16267306
2026-05-02 11:00:00,-0.62425494
2026-05-02 12:00:00,-0.97569233
2026-05-02 13:00:00,-1.1819757
2026-05-02 14:00:00,-1.0253226
2026-05-02 15:00:00,-0.27840516
2026-05-02 16:00:00,0.46566972
2026-05-02 17:00:00,1.0200692
2026-05-02 18:00:00,1.376753
2026-05-02 19:00:00,1.3015164
2026-05-02 20:00:00,0.8803011
2026-05-02 21:00:00,0.20461792
2026-05-02 22:00:00,-0.37776113
2026-05-02 23:00:00,-0.8069193
2026-05-03 00:00:00,-1.1432164
