Datetime,Water Level (m)
2026-04-27 00:00:00,0.32505184
2026-04-27 01:00:00,0.20819646
2026-04-27 02:00:00,0.1628614
2026-04-27 03:00:00,0.1307424
2026-04-27 04:00:00,0.098696396
2026-04-27 05:00:00,0.074790135
2026-04-27 06:00:00,0.1317089
2026-04-27 07:00:00,0.33497158
2026-04-27 08:00:00,0.51898956
2026-04-27 09:00:00,0.6322851
2026-04-27 10:00:00,0.6802738
2026-04-27 11:00:00,0.68871444
2026-04-27 12:00:00,0.62288576
2026-04-27 13:00:00,0.5127232
2026-04-27 14:00:00,0.40526566
2026-04-27 15:00:00,0.33852854
2026-04-27 16:00:00,0.29731384
2026-04-27 17:00:00,0.25647396
2026-04-27 18:00:00,0.25913918
2026-04-27 19:00:00,0.41517407
2026-04-27 20:00:00,0.6336405
2026-04-27 21:00:00,0.77466196
2026-04-27 22:00:00,0.8308922
2026-04-27 23:00:00,0.8343908
2026-04-28 00:00:00,0.750846
2026-04-28 01:00:00,0.58624434
2026-04-28 02:00:00,0.48658064
2026-04-28 03:00:00,0.43105352
2026-04-28 04:00:00,0.37994793
2026-04-28 05:00:00,0.33458546
2026-04-28 06:00:00,0.29952773
2026-04-28 07:00:00,0.39750755
2026-04-28 08:00:00,0.63498116
2026-04-28 09:00:00,0.8290804
2026-04-28 10:00:00,0.93115306
2026-04-28 11:00:00,0.96941483
2026-04-28 12:00:00,0.945908
2026-04-28 13:00:00,0.830589
2026-04-28 14:00:00,0.6677751
2026-04-28 15:00:00,0.5917886
2026-04-28 16:00:00,0.530226
2026-04-28 17:00:00,0.4698321
2026-04-28 18:00:00,0.40732938
2026-04-28 19:00:00,0.39849362
2026-04-28 20:00:00,0.5461374
2026-04-28 21:00:00,0.7788944
2026-04-28 22:00:00,0.9314895
2026-04-28 23:00:00,0.971408
2026-04-29 00:00:00,0.91676706
2026-04-29 01:00:00,0.74639785
2026-04-29 02:00:00,0.5949414
2026-04-29 03:00:00,0.515608
2026-04-29 04:00:00,0.45461828
2026-04-29 05:00:00,0.40367022
2026-04-29 06:00:00,0.3528107
2026-04-29 07:00:00,0.32794178
2026-04-29 08:00:00,0.4674148
2026-04-29 09:00:00,0.70812964
2026-04-29 10:00:00,0.88774294
2026-04-29 11:00:00,0.9767046
2026-04-29 12:00:00,0.99245685
2026-04-29 13:00:00,0.9190246
2026-04-29 14:00:00,0.74475324
2026-04-29 15:00:00,0.61653763
2026-04-29 16:00:00,0.5566897
2026-04-29 17:00:00,0.50122076
2026-04-29 18:00:00,0.44525936
2026-04-29 19:00:00,0.39056507
2026-04-29 20:00:00,0.422093
2026-04-29 21:00:00,0.6262631
2026-04-29 22:00:00,0.8386186
2026-04-29 23:00:00,0.9596751
2026-04-30 00:00:00,0.98149186
2026-04-30 01:00:00,0.8944428
2026-04-30 02:00:00,0.7150256
2026-04-30 03:00:00,0.59171695
2026-04-30 04:00:00,0.5140194
2026-04-30 05:00:00,0.45362502
2026-04-30 06:00:00,0.3996501
2026-04-30 07:00:00,0.35230476
2026-04-30 08:00:00,0.38793147
2026-04-30 09:00:00,0.6411664
2026-04-30 10:00:00,0.8657892
2026-04-30 11:00:00,0.998708
2026-04-30 12:00:00,1.0476046
2026-04-30 13:00:00,1.0347376
2026-04-30 14:00:00,0.9082452
2026-04-30 15:00:00,0.75063413
2026-04-30 16:00:00,0.65434045
2026-04-30 17:00:00,0.59044653
2026-04-30 18:00:00,0.51993406
2026-04-30 19:00:00,0.45570743
2026-04-30 20:00:00,0.41164672
2026-04-30 21:00:00,0.51859474
2026-04-30 22:00:00,0.75464684
2026-04-30 23:00:00,0.93729466
2026-05-01 00:00:00,1.00142
2026-05-01 01:00:00,0.96174926
2026-05-01 02:00:00,0.8004379
2026-05-01 03:00:00,0.6419063
2026-05-01 04:00:00,0.5499578
2026-05-01 05:00:00,0.48161662
2026-05-01 06:00:00,0.42523918
2026-05-01 07:00:00,0.37198135
2026-05-01 08:00:00,0.34178942
2026-05-01 09:00:00,0.50492483
2026-05-01 10:00:00,0.7655152
2026-05-01 11:00:00,0.96138376
2026-05-01 12:00:00,1.058472
2026-05-01 13:00:00,1.0886583
2026-05-01 14:00:00,1.0247637
2026-05-01 15:00:00,0.8500255
2026-05-01 16:00:00,0.70609814
2026-05-01 17:00:00,0.6345113
2026-05-01 18:00:00,0.56712574
2026-05-01 19:00:00,0.49600962
2026-05-01 20:00:00,0.4368139
2026-05-01 21:00:00,0.43710437
2026-05-01 22:00:00,0.6205529
2026-05-01 23:00:00,0.8510644
2026-05-02 00:00:00,0.98258877
2026-05-02 01:00:00,1.0003659
2026-05-02 02:00:00,0.900029
2026-05-02 03:00:00,0.7131332
2026-05-02 04:00:00,0.5885837
2026-05-02 05:00:00,0.5126823
2026-05-02 06:00:00,0.45131928
2026-05-02 07:00:00,0.39479268
2026-05-02 08:00:00,0.34154165
2026-05-02 09:00:00,0.35612977
2026-05-02 10:00:00,0.5989046
2026-05-02 11:00:00,0.8592716
2026-05-02 12:00:00,1.0121123
2026-05-02 13:00:00,1.0599513
2026-05-02 14:00:00,1.0412291
2026-05-02 15:00:00,0.9093687
2026-05-02 16:00:00,0.73173755
2026-05-02 17:00:00,0.6413879
2026-05-02 18:00:00,0.5810466
2026-05-02 19:00:00,0.52071846
2026-05-02 20:00:00,0.4599161
2026-05-02 21:00:00,0.4124612
2026-05-02 22:00:00,0.49232984
2026-05-02 23:00:00,0.7155133
2026-05-03 00:00:00,0.9120023
